status,occurrence_key,institutionCode,family,species,license,width,height,dorsal_score,raw_path,skeleton_path,url
accepted,2446314989,NHMUK,Papilionidae,Troides helena,http://creativecommons.org/licenses/by/4.0/,1440,960,0.7929,museum_butterfly_dorsal/raw_images/nhmuk_2446314989.jpg,museum_butterfly_dorsal/skeletons/nhmuk_2446314989_skeleton.png,https://data.nhm.ac.uk/media/04822cc8-bf82-4548-ba50-c53150fbc49c
reject_not_dorsal,1291305507,NHMUK,Papilionidae,Papilio machaon,http://creativecommons.org/licenses/by/4.0/,1440,2160,0.2722,,,https://data.nhm.ac.uk/media/ad90e9f6-1753-457a-af8e-827c543df37e
accepted,2446312741,NHMUK,Papilionidae,Trogonoptera brookiana,http://creativecommons.org/licenses/by/4.0/,1440,960,0.8517,museum_butterfly_dorsal/raw_images/nhmuk_2446312741.jpg,museum_butterfly_dorsal/skeletons/nhmuk_2446312741_skeleton.png,https://data.nhm.ac.uk/media/aac6cd03-b1d4-42ab-91fe-90787c4d9837
reject_not_dorsal,1291305507,NHMUK,Papilionidae,Papilio machaon,http://creativecommons.org/licenses/by/4.0/,1219,800,0.5767,,,https://data.nhm.ac.uk/media/d609d117-4004-4c57-be82-43f3ff251a80
accepted,2446314960,NHMUK,Papilionidae,Troides helena,http://creativecommons.org/licenses/by/4.0/,1440,960,0.8172,museum_butterfly_dorsal/raw_images/nhmuk_2446314960.jpg,museum_butterfly_dorsal/skeletons/nhmuk_2446314960_skeleton.png,https://data.nhm.ac.uk/media/6a21b579-6e4e-46b0-a050-6f48f422630b
accepted,2446312268,NHMUK,Papilionidae,Trogonoptera brookiana,http://creativecommons.org/licenses/by/4.0/,1440,960,0.8145,museum_butterfly_dorsal/raw_images/nhmuk_2446312268.jpg,museum_butterfly_dorsal/skeletons/nhmuk_2446312268_skeleton.png,https://data.nhm.ac.uk/media/41166617-7382-41a3-ba7b-b28c0d7f0a0a
accepted,2446312741,NHMUK,Papilionidae,Trogonoptera brookiana,http://creativecommons.org/licenses/by/4.0/,1440,960,0.8190,museum_butterfly_dorsal/raw_images/nhmuk_2446312741.jpg,museum_butterfly_dorsal/skeletons/nhmuk_2446312741_skeleton.png,https://data.nhm.ac.uk/media/bab82ecf-1d88-4c56-87d3-47da72f9e0aa
accepted,2446313079,NHMUK,Papilionidae,Trogonoptera brookiana,http://creativecommons.org/licenses/by/4.0/,1440,960,0.8214,museum_butterfly_dorsal/raw_images/nhmuk_2446313079.jpg,museum_butterfly_dorsal/skeletons/nhmuk_2446313079_skeleton.png,https://data.nhm.ac.uk/media/1093ea10-659a-4362-a48c-9bb206c6b26f
accepted,2446312458,NHMUK,Papilionidae,Trogonoptera brookiana,http://creativecommons.org/licenses/by/4.0/,1440,960,0.8373,museum_butterfly_dorsal/raw_images/nhmuk_2446312458.jpg,museum_butterfly_dorsal/skeletons/nhmuk_2446312458_skeleton.png,https://data.nhm.ac.uk/media/95645ac9-ef1d-44f3-b978-f35c749bf59e
accepted,2446314939,NHMUK,Papilionidae,Troides helena,http://creativecommons.org/licenses/by/4.0/,1440,960,0.7792,museum_butterfly_dorsal/raw_images/nhmuk_2446314939.jpg,museum_butterfly_dorsal/skeletons/nhmuk_2446314939_skeleton.png,https://data.nhm.ac.uk/media/18d569dc-bba9-4ec7-9887-137d804282c1
accepted,2446090953,NHMUK,Papilionidae,Ornithoptera aesacus,http://creativecommons.org/licenses/by/4.0/,1440,960,0.7551,museum_butterfly_dorsal/raw_images/nhmuk_2446090953.jpg,museum_butterfly_dorsal/skeletons/nhmuk_2446090953_skeleton.png,https://data.nhm.ac.uk/media/9d8c768d-ed9f-471b-bee1-8bbffaf962df
accepted,2446312733,NHMUK,Papilionidae,Trogonoptera brookiana,http://creativecommons.org/licenses/by/4.0/,1440,960,0.8473,museum_butterfly_dorsal/raw_images/nhmuk_2446312733.jpg,museum_butterfly_dorsal/skeletons/nhmuk_2446312733_skeleton.png,https://data.nhm.ac.uk/media/31bbecff-924e-49a5-91b5-f679a0369eb7
reject_not_dorsal,4910266604,NHMUK,Papilionidae,Papilio fuscus,http://creativecommons.org/licenses/by/4.0/,1440,1080,0.5991,,,https://data.nhm.ac.uk/media/e26b9882-ce8c-45ec-8c20-42ae5500839f
accepted,2446312733,NHMUK,Papilionidae,Trogonoptera brookiana,http://creativecommons.org/licenses/by/4.0/,1440,960,0.8323,museum_butterfly_dorsal/raw_images/nhmuk_2446312733.jpg,museum_butterfly_dorsal/skeletons/nhmuk_2446312733_skeleton.png,https://data.nhm.ac.uk/media/e2afff98-38cc-4183-b171-888d88b00cd8
accepted,2446312268,NHMUK,Papilionidae,Trogonoptera brookiana,http://creativecommons.org/licenses/by/4.0/,1440,960,0.8084,museum_butterfly_dorsal/raw_images/nhmuk_2446312268.jpg,museum_butterfly_dorsal/skeletons/nhmuk_2446312268_skeleton.png,https://data.nhm.ac.uk/media/5dcaf897-4317-4d09-9f2e-510d66db315b
accepted,2446115886,NHMUK,Papilionidae,Ornithoptera priamus,http://creativecommons.org/licenses/by/4.0/,1440,960,0.7945,museum_butterfly_dorsal/raw_images/nhmuk_2446115886.jpg,museum_butterfly_dorsal/skeletons/nhmuk_2446115886_skeleton.png,https://data.nhm.ac.uk/media/b35b7ba4-f27a-4538-82da-238815f44369
accepted,2446115935,NHMUK,Papilionidae,Ornithoptera priamus,http://creativecommons.org/licenses/by/4.0/,1440,960,0.7729,museum_butterfly_dorsal/raw_images/nhmuk_2446115935.jpg,museum_butterfly_dorsal/skeletons/nhmuk_2446115935_skeleton.png,https://data.nhm.ac.uk/media/ea120938-1297-4764-a9a7-c3747494ffca
reject_not_dorsal,4910226946,NHMUK,Papilionidae,Papilio fuscus,http://creativecommons.org/licenses/by/4.0/,1440,1080,0.6163,,,https://data.nhm.ac.uk/media/5f08a93f-06e4-423c-b7fa-0f86de160aaf
accepted,4910226946,NHMUK,Papilionidae,Papilio fuscus,http://creativecommons.org/licenses/by/4.0/,1440,1080,0.6233,museum_butterfly_dorsal/raw_images/nhmuk_4910226946.jpg,museum_butterfly_dorsal/skeletons/nhmuk_4910226946_skeleton.png,https://data.nhm.ac.uk/media/4c93da83-60c7-449e-9c91-930bf3306505
accepted,2446312458,NHMUK,Papilionidae,Trogonoptera brookiana,http://creativecommons.org/licenses/by/4.0/,1440,960,0.8219,museum_butterfly_dorsal/raw_images/nhmuk_2446312458.jpg,museum_butterfly_dorsal/skeletons/nhmuk_2446312458_skeleton.png,https://data.nhm.ac.uk/media/48b37a05-d4d0-4158-bf19-1c6dfe6a8712
accepted,2446313079,NHMUK,Papilionidae,Trogonoptera brookiana,http://creativecommons.org/licenses/by/4.0/,1440,960,0.8430,museum_butterfly_dorsal/raw_images/nhmuk_2446313079.jpg,museum_butterfly_dorsal/skeletons/nhmuk_2446313079_skeleton.png,https://data.nhm.ac.uk/media/0d5fcdf8-91f0-4c9c-a533-1d465bd5c498
accepted,2446314162,NHMUK,Papilionidae,Troides helena,http://creativecommons.org/licenses/by/4.0/,1440,960,0.7575,museum_butterfly_dorsal/raw_images/nhmuk_2446314162.jpg,museum_butterfly_dorsal/skeletons/nhmuk_2446314162_skeleton.png,https://data.nhm.ac.uk/media/f35a40ca-6281-437b-ac1e-df012c778032
reject_not_dorsal,4910266604,NHMUK,Papilionidae,Papilio fuscus,http://creativecommons.org/licenses/by/4.0/,1440,1080,0.5993,,,https://data.nhm.ac.uk/media/001942a7-99ff-41bc-9cb1-83f4d2e9ba7b
accepted,2446091930,NHMUK,Papilionidae,Ornithoptera priamus,http://creativecommons.org/licenses/by/4.0/,1440,960,0.7802,museum_butterfly_dorsal/raw_images/nhmuk_2446091930.jpg,museum_butterfly_dorsal/skeletons/nhmuk_2446091930_skeleton.png,https://data.nhm.ac.uk/media/5f817eb3-1a7c-436a-a03a-b553c77b44c4
accepted,2446091912,NHMUK,Papilionidae,Ornithoptera priamus,http://creativecommons.org/licenses/by/4.0/,1440,960,0.7648,museum_butterfly_dorsal/raw_images/nhmuk_2446091912.jpg,museum_butterfly_dorsal/skeletons/nhmuk_2446091912_skeleton.png,https://data.nhm.ac.uk/media/6ed11c13-bdaa-466a-8483-0ced9307a105
accepted,2446091932,NHMUK,Papilionidae,Ornithoptera priamus,http://creativecommons.org/licenses/by/4.0/,1440,960,0.7870,museum_butterfly_dorsal/raw_images/nhmuk_2446091932.jpg,museum_butterfly_dorsal/skeletons/nhmuk_2446091932_skeleton.png,https://data.nhm.ac.uk/media/2ee6a6d6-adbe-47e3-8729-7ded595081f9
accepted,2446115881,NHMUK,Papilionidae,Ornithoptera priamus,http://creativecommons.org/licenses/by/4.0/,1440,960,0.7844,museum_butterfly_dorsal/raw_images/nhmuk_2446115881.jpg,museum_butterfly_dorsal/skeletons/nhmuk_2446115881_skeleton.png,https://data.nhm.ac.uk/media/cd646718-2bfe-4ad7-9a0d-2059ba5298dd
accepted,2446115824,NHMUK,Papilionidae,Ornithoptera priamus,http://creativecommons.org/licenses/by/4.0/,1440,960,0.7898,museum_butterfly_dorsal/raw_images/nhmuk_2446115824.jpg,museum_butterfly_dorsal/skeletons/nhmuk_2446115824_skeleton.png,https://data.nhm.ac.uk/media/7f1ea286-4dd6-4831-9088-e504e261f9c4
accepted,2446091911,NHMUK,Papilionidae,Ornithoptera priamus,http://creativecommons.org/licenses/by/4.0/,1440,960,0.7942,museum_butterfly_dorsal/raw_images/nhmuk_2446091911.jpg,museum_butterfly_dorsal/skeletons/nhmuk_2446091911_skeleton.png,https://data.nhm.ac.uk/media/9691fec3-41f7-4db5-a7e3-6f4ca97c6332
accepted,2446091922,NHMUK,Papilionidae,Ornithoptera priamus,http://creativecommons.org/licenses/by/4.0/,1440,960,0.8197,museum_butterfly_dorsal/raw_images/nhmuk_2446091922.jpg,museum_butterfly_dorsal/skeletons/nhmuk_2446091922_skeleton.png,https://data.nhm.ac.uk/media/fee4f5d6-669b-401b-b105-3eecff215f4c
accepted,2446091923,NHMUK,Papilionidae,Ornithoptera priamus,http://creativecommons.org/licenses/by/4.0/,1440,960,0.8028,museum_butterfly_dorsal/raw_images/nhmuk_2446091923.jpg,museum_butterfly_dorsal/skeletons/nhmuk_2446091923_skeleton.png,https://data.nhm.ac.uk/media/4a131c3a-c0a4-421d-97c8-0b0855b09efb
accepted,2446115945,NHMUK,Papilionidae,Ornithoptera priamus,http://creativecommons.org/licenses/by/4.0/,1440,960,0.8071,museum_butterfly_dorsal/raw_images/nhmuk_2446115945.jpg,museum_butterfly_dorsal/skeletons/nhmuk_2446115945_skeleton.png,https://data.nhm.ac.uk/media/517d21b1-8e45-4392-aefe-98854b3594b4
accepted,2446115952,NHMUK,Papilionidae,Ornithoptera priamus,http://creativecommons.org/licenses/by/4.0/,1440,960,0.8053,museum_butterfly_dorsal/raw_images/nhmuk_2446115952.jpg,museum_butterfly_dorsal/skeletons/nhmuk_2446115952_skeleton.png,https://data.nhm.ac.uk/media/b522737c-d4f3-4ff6-a013-0d6d0a2b7f39
accepted,2446091934,NHMUK,Papilionidae,Ornithoptera priamus,http://creativecommons.org/licenses/by/4.0/,1440,960,0.8138,museum_butterfly_dorsal/raw_images/nhmuk_2446091934.jpg,museum_butterfly_dorsal/skeletons/nhmuk_2446091934_skeleton.png,https://data.nhm.ac.uk/media/f4a55f4c-decb-4b93-931d-70f218c1280a
accepted,2446092942,NHMUK,Papilionidae,Ornithoptera priamus,http://creativecommons.org/licenses/by/4.0/,1440,960,0.7929,museum_butterfly_dorsal/raw_images/nhmuk_2446092942.jpg,museum_butterfly_dorsal/skeletons/nhmuk_2446092942_skeleton.png,https://data.nhm.ac.uk/media/40331efd-e1ac-4715-be0d-9d82fba29f04
accepted,2446115924,NHMUK,Papilionidae,Ornithoptera priamus,http://creativecommons.org/licenses/by/4.0/,1440,960,0.7970,museum_butterfly_dorsal/raw_images/nhmuk_2446115924.jpg,museum_butterfly_dorsal/skeletons/nhmuk_2446115924_skeleton.png,https://data.nhm.ac.uk/media/376a4745-f3a7-48a5-83b3-887e7da908da
accepted,2446115978,NHMUK,Papilionidae,Ornithoptera priamus,http://creativecommons.org/licenses/by/4.0/,1440,960,0.7591,museum_butterfly_dorsal/raw_images/nhmuk_2446115978.jpg,museum_butterfly_dorsal/skeletons/nhmuk_2446115978_skeleton.png,https://data.nhm.ac.uk/media/dd6f8da4-39f8-4619-9821-662761c927ce
accepted,2446115957,NHMUK,Papilionidae,Ornithoptera priamus,http://creativecommons.org/licenses/by/4.0/,1440,960,0.8258,museum_butterfly_dorsal/raw_images/nhmuk_2446115957.jpg,museum_butterfly_dorsal/skeletons/nhmuk_2446115957_skeleton.png,https://data.nhm.ac.uk/media/26749e0d-db49-4afd-9092-5edc24f0e0d2
accepted,2446115982,NHMUK,Papilionidae,Ornithoptera priamus,http://creativecommons.org/licenses/by/4.0/,1440,960,0.7819,museum_butterfly_dorsal/raw_images/nhmuk_2446115982.jpg,museum_butterfly_dorsal/skeletons/nhmuk_2446115982_skeleton.png,https://data.nhm.ac.uk/media/78e67962-8a87-4550-a0d9-279fe3534f13
accepted,2446115966,NHMUK,Papilionidae,Ornithoptera priamus,http://creativecommons.org/licenses/by/4.0/,1440,960,0.8048,museum_butterfly_dorsal/raw_images/nhmuk_2446115966.jpg,museum_butterfly_dorsal/skeletons/nhmuk_2446115966_skeleton.png,https://data.nhm.ac.uk/media/180cf5da-02ab-4ca6-bd64-b08ab0d2368b
accepted,2446115983,NHMUK,Papilionidae,Ornithoptera priamus,http://creativecommons.org/licenses/by/4.0/,1440,960,0.8082,museum_butterfly_dorsal/raw_images/nhmuk_2446115983.jpg,museum_butterfly_dorsal/skeletons/nhmuk_2446115983_skeleton.png,https://data.nhm.ac.uk/media/a77d939d-cc50-41ad-bf4e-957daf1037f0
accepted,2446115972,NHMUK,Papilionidae,Ornithoptera priamus,http://creativecommons.org/licenses/by/4.0/,1440,960,0.7936,museum_butterfly_dorsal/raw_images/nhmuk_2446115972.jpg,museum_butterfly_dorsal/skeletons/nhmuk_2446115972_skeleton.png,https://data.nhm.ac.uk/media/75be27fe-bcd1-4f66-8be6-6c0263b78724
accepted,2446090955,NHMUK,Papilionidae,Ornithoptera aesacus,http://creativecommons.org/licenses/by/4.0/,1440,960,0.7707,museum_butterfly_dorsal/raw_images/nhmuk_2446090955.jpg,museum_butterfly_dorsal/skeletons/nhmuk_2446090955_skeleton.png,https://data.nhm.ac.uk/media/58d9f6df-5d14-4da4-ae31-b2e0643b8900
accepted,2446312225,NHMUK,Papilionidae,Trogonoptera brookiana,http://creativecommons.org/licenses/by/4.0/,1440,960,0.8277,museum_butterfly_dorsal/raw_images/nhmuk_2446312225.jpg,museum_butterfly_dorsal/skeletons/nhmuk_2446312225_skeleton.png,https://data.nhm.ac.uk/media/a1b0170c-9ae7-4092-8fc5-27d26a59c05a
accepted,2446312225,NHMUK,Papilionidae,Trogonoptera brookiana,http://creativecommons.org/licenses/by/4.0/,1440,960,0.8054,museum_butterfly_dorsal/raw_images/nhmuk_2446312225.jpg,museum_butterfly_dorsal/skeletons/nhmuk_2446312225_skeleton.png,https://data.nhm.ac.uk/media/db070851-e536-42e0-829c-70d62f448fe6
accepted,2446115980,NHMUK,Papilionidae,Ornithoptera priamus,http://creativecommons.org/licenses/by/4.0/,1440,960,0.7442,museum_butterfly_dorsal/raw_images/nhmuk_2446115980.jpg,museum_butterfly_dorsal/skeletons/nhmuk_2446115980_skeleton.png,https://data.nhm.ac.uk/media/63ada15b-f9b5-44d1-b0c1-6aafc51bdf9d
accepted,2446312411,NHMUK,Papilionidae,Trogonoptera brookiana,http://creativecommons.org/licenses/by/4.0/,1440,960,0.8017,museum_butterfly_dorsal/raw_images/nhmuk_2446312411.jpg,museum_butterfly_dorsal/skeletons/nhmuk_2446312411_skeleton.png,https://data.nhm.ac.uk/media/6ddbe05e-4f24-4266-929f-c9e0d81f2135
accepted,2446312411,NHMUK,Papilionidae,Trogonoptera brookiana,http://creativecommons.org/licenses/by/4.0/,1440,960,0.8014,museum_butterfly_dorsal/raw_images/nhmuk_2446312411.jpg,museum_butterfly_dorsal/skeletons/nhmuk_2446312411_skeleton.png,https://data.nhm.ac.uk/media/8f8d0ae9-a75f-4528-a02b-a6d587320016
accepted,2446090992,NHMUK,Papilionidae,Ornithoptera croesus,http://creativecommons.org/licenses/by/4.0/,1440,960,0.7643,museum_butterfly_dorsal/raw_images/nhmuk_2446090992.jpg,museum_butterfly_dorsal/skeletons/nhmuk_2446090992_skeleton.png,https://data.nhm.ac.uk/media/2a97cafd-c2e4-4348-8d4e-ae92dd15f99a
accepted,2446313951,NHMUK,Papilionidae,Troides oblongomaculatus,http://creativecommons.org/licenses/by/4.0/,1440,960,0.7628,museum_butterfly_dorsal/raw_images/nhmuk_2446313951.jpg,museum_butterfly_dorsal/skeletons/nhmuk_2446313951_skeleton.png,https://data.nhm.ac.uk/media/a70d21d7-d32c-4f8e-9f3b-318066da3e59
accepted,2446092169,NHMUK,Papilionidae,Ornithoptera priamus,http://creativecommons.org/licenses/by/4.0/,1440,960,0.7816,museum_butterfly_dorsal/raw_images/nhmuk_2446092169.jpg,museum_butterfly_dorsal/skeletons/nhmuk_2446092169_skeleton.png,https://data.nhm.ac.uk/media/aa3b7bb4-a06a-45cd-b790-1ce7559beff7
accepted,2446093174,NHMUK,Papilionidae,Ornithoptera priamus,http://creativecommons.org/licenses/by/4.0/,1440,960,0.7792,museum_butterfly_dorsal/raw_images/nhmuk_2446093174.jpg,museum_butterfly_dorsal/skeletons/nhmuk_2446093174_skeleton.png,https://data.nhm.ac.uk/media/24fea975-3845-4851-a032-bbe78360d064
accepted,2446093267,NHMUK,Papilionidae,Ornithoptera priamus,http://creativecommons.org/licenses/by/4.0/,1440,960,0.8319,museum_butterfly_dorsal/raw_images/nhmuk_2446093267.jpg,museum_butterfly_dorsal/skeletons/nhmuk_2446093267_skeleton.png,https://data.nhm.ac.uk/media/7f854045-2b4a-451e-8532-09de3eebfc75
accepted,2446314411,NHMUK,Papilionidae,Ornithoptera goliath,http://creativecommons.org/licenses/by/4.0/,1440,960,0.7802,museum_butterfly_dorsal/raw_images/nhmuk_2446314411.jpg,museum_butterfly_dorsal/skeletons/nhmuk_2446314411_skeleton.png,https://data.nhm.ac.uk/media/31579615-2a69-46b7-8b99-8e1d949bf33f
reject_not_dorsal,1291305507,NHMUK,Papilionidae,Papilio machaon,http://creativecommons.org/licenses/by/4.0/,1219,800,0.5767,0.3332,0.9980,0.9970,0.0000,0.0280,,,https://data.nhm.ac.uk/media/d609d117-4004-4c57-be82-43f3ff251a80
accepted,2446312458,NHMUK,Papilionidae,Trogonoptera brookiana,http://creativecommons.org/licenses/by/4.0/,1440,960,0.8219,0.3840,0.9980,0.9971,0.0000,0.0052,museum_butterfly_dorsal/raw_images/nhmuk_2446312458.jpg,museum_butterfly_dorsal/skeletons/nhmuk_2446312458_skeleton.png,https://data.nhm.ac.uk/media/48b37a05-d4d0-4158-bf19-1c6dfe6a8712
accepted,2446312741,NHMUK,Papilionidae,Trogonoptera brookiana,http://creativecommons.org/licenses/by/4.0/,1440,960,0.8517,0.3553,0.9980,0.9971,0.0000,0.0080,museum_butterfly_dorsal/raw_images/nhmuk_2446312741.jpg,museum_butterfly_dorsal/skeletons/nhmuk_2446312741_skeleton.png,https://data.nhm.ac.uk/media/aac6cd03-b1d4-42ab-91fe-90787c4d9837
accepted,2446314989,NHMUK,Papilionidae,Troides helena,http://creativecommons.org/licenses/by/4.0/,1440,960,0.7929,0.3626,0.9980,0.9971,0.0000,0.0047,museum_butterfly_dorsal/raw_images/nhmuk_2446314989.jpg,museum_butterfly_dorsal/skeletons/nhmuk_2446314989_skeleton.png,https://data.nhm.ac.uk/media/04822cc8-bf82-4548-ba50-c53150fbc49c
accepted,2446090953,NHMUK,Papilionidae,Ornithoptera aesacus,http://creativecommons.org/licenses/by/4.0/,1440,960,0.7551,0.3105,0.9961,0.9971,0.0020,0.0004,museum_butterfly_dorsal/raw_images/nhmuk_2446090953.jpg,museum_butterfly_dorsal/skeletons/nhmuk_2446090953_skeleton.png,https://data.nhm.ac.uk/media/9d8c768d-ed9f-471b-bee1-8bbffaf962df
accepted,2446312458,NHMUK,Papilionidae,Trogonoptera brookiana,http://creativecommons.org/licenses/by/4.0/,1440,960,0.8373,0.3542,0.9980,0.9971,0.0000,0.0027,museum_butterfly_dorsal/raw_images/nhmuk_2446312458.jpg,museum_butterfly_dorsal/skeletons/nhmuk_2446312458_skeleton.png,https://data.nhm.ac.uk/media/95645ac9-ef1d-44f3-b978-f35c749bf59e
accepted,2446312741,NHMUK,Papilionidae,Trogonoptera brookiana,http://creativecommons.org/licenses/by/4.0/,1440,960,0.8190,0.3302,0.9980,0.9971,0.0000,0.0059,museum_butterfly_dorsal/raw_images/nhmuk_2446312741.jpg,museum_butterfly_dorsal/skeletons/nhmuk_2446312741_skeleton.png,https://data.nhm.ac.uk/media/bab82ecf-1d88-4c56-87d3-47da72f9e0aa
accepted,2446314939,NHMUK,Papilionidae,Troides helena,http://creativecommons.org/licenses/by/4.0/,1440,960,0.7792,0.3658,0.9980,0.9971,0.0000,0.0036,museum_butterfly_dorsal/raw_images/nhmuk_2446314939.jpg,museum_butterfly_dorsal/skeletons/nhmuk_2446314939_skeleton.png,https://data.nhm.ac.uk/media/18d569dc-bba9-4ec7-9887-137d804282c1
accepted,2446314960,NHMUK,Papilionidae,Troides helena,http://creativecommons.org/licenses/by/4.0/,1440,960,0.8172,0.4226,0.9980,0.9971,0.0000,0.0092,museum_butterfly_dorsal/raw_images/nhmuk_2446314960.jpg,museum_butterfly_dorsal/skeletons/nhmuk_2446314960_skeleton.png,https://data.nhm.ac.uk/media/6a21b579-6e4e-46b0-a050-6f48f422630b
reject_not_dorsal,1291305507,NHMUK,Papilionidae,Papilio machaon,http://creativecommons.org/licenses/by/4.0/,1440,2160,0.2722,0.4111,0.9971,0.9980,0.0000,0.0028,,,https://data.nhm.ac.uk/media/ad90e9f6-1753-457a-af8e-827c543df37e
accepted,2446312268,NHMUK,Papilionidae,Trogonoptera brookiana,http://creativecommons.org/licenses/by/4.0/,1440,960,0.8145,0.3015,0.9980,0.9971,0.0000,0.0024,museum_butterfly_dorsal/raw_images/nhmuk_2446312268.jpg,museum_butterfly_dorsal/skeletons/nhmuk_2446312268_skeleton.png,https://data.nhm.ac.uk/media/41166617-7382-41a3-ba7b-b28c0d7f0a0a
accepted,2446312733,NHMUK,Papilionidae,Trogonoptera brookiana,http://creativecommons.org/licenses/by/4.0/,1440,960,0.8473,0.3505,0.9980,0.9971,0.0000,0.0006,museum_butterfly_dorsal/raw_images/nhmuk_2446312733.jpg,museum_butterfly_dorsal/skeletons/nhmuk_2446312733_skeleton.png,https://data.nhm.ac.uk/media/31bbecff-924e-49a5-91b5-f679a0369eb7
reject_not_dorsal,4910266604,NHMUK,Papilionidae,Papilio fuscus,http://creativecommons.org/licenses/by/4.0/,1440,1080,0.5993,0.3090,0.9980,0.9974,0.0000,0.0070,,,https://data.nhm.ac.uk/media/001942a7-99ff-41bc-9cb1-83f4d2e9ba7b
accepted,2446312268,NHMUK,Papilionidae,Trogonoptera brookiana,http://creativecommons.org/licenses/by/4.0/,1440,960,0.8084,0.3157,0.9980,0.9971,0.0000,0.0015,museum_butterfly_dorsal/raw_images/nhmuk_2446312268.jpg,museum_butterfly_dorsal/skeletons/nhmuk_2446312268_skeleton.png,https://data.nhm.ac.uk/media/5dcaf897-4317-4d09-9f2e-510d66db315b
reject_not_dorsal,4910266604,NHMUK,Papilionidae,Papilio fuscus,http://creativecommons.org/licenses/by/4.0/,1440,1080,0.5991,0.2953,0.9980,0.9974,0.0000,0.0058,,,https://data.nhm.ac.uk/media/e26b9882-ce8c-45ec-8c20-42ae5500839f
accepted,2446313079,NHMUK,Papilionidae,Trogonoptera brookiana,http://creativecommons.org/licenses/by/4.0/,1440,960,0.8430,0.3148,0.9980,0.9971,0.0000,0.0013,museum_butterfly_dorsal/raw_images/nhmuk_2446313079.jpg,museum_butterfly_dorsal/skeletons/nhmuk_2446313079_skeleton.png,https://data.nhm.ac.uk/media/0d5fcdf8-91f0-4c9c-a533-1d465bd5c498
accepted,2446312733,NHMUK,Papilionidae,Trogonoptera brookiana,http://creativecommons.org/licenses/by/4.0/,1440,960,0.8323,0.3650,0.9980,0.9971,0.0000,0.0025,museum_butterfly_dorsal/raw_images/nhmuk_2446312733.jpg,museum_butterfly_dorsal/skeletons/nhmuk_2446312733_skeleton.png,https://data.nhm.ac.uk/media/e2afff98-38cc-4183-b171-888d88b00cd8
accepted,2446314162,NHMUK,Papilionidae,Troides helena,http://creativecommons.org/licenses/by/4.0/,1440,960,0.7575,0.3731,0.9980,0.9971,0.0000,0.0075,museum_butterfly_dorsal/raw_images/nhmuk_2446314162.jpg,museum_butterfly_dorsal/skeletons/nhmuk_2446314162_skeleton.png,https://data.nhm.ac.uk/media/f35a40ca-6281-437b-ac1e-df012c778032
accepted,2446091912,NHMUK,Papilionidae,Ornithoptera priamus,http://creativecommons.org/licenses/by/4.0/,1440,960,0.7648,0.3632,0.9932,0.9971,0.0049,0.0001,museum_butterfly_dorsal/raw_images/nhmuk_2446091912.jpg,museum_butterfly_dorsal/skeletons/nhmuk_2446091912_skeleton.png,https://data.nhm.ac.uk/media/6ed11c13-bdaa-466a-8483-0ced9307a105
reject_not_dorsal,4910226946,NHMUK,Papilionidae,Papilio fuscus,http://creativecommons.org/licenses/by/4.0/,1440,1080,0.6163,0.3065,0.9980,0.9974,0.0000,0.0134,,,https://data.nhm.ac.uk/media/5f08a93f-06e4-423c-b7fa-0f86de160aaf
accepted,2446313079,NHMUK,Papilionidae,Trogonoptera brookiana,http://creativecommons.org/licenses/by/4.0/,1440,960,0.8214,0.3227,0.9980,0.9971,0.0000,0.0020,museum_butterfly_dorsal/raw_images/nhmuk_2446313079.jpg,museum_butterfly_dorsal/skeletons/nhmuk_2446313079_skeleton.png,https://data.nhm.ac.uk/media/1093ea10-659a-4362-a48c-9bb206c6b26f
accepted,2446092413,NHMUK,Papilionidae,Ornithoptera priamus,http://creativecommons.org/licenses/by/4.0/,1440,960,0.7489,0.4160,0.9941,0.9971,0.0039,0.0009,museum_butterfly_dorsal/raw_images/nhmuk_2446092413.jpg,museum_butterfly_dorsal/skeletons/nhmuk_2446092413_skeleton.png,https://data.nhm.ac.uk/media/fa84c719-f29f-40dd-b712-1c58e61fc140
accepted,2446115881,NHMUK,Papilionidae,Ornithoptera priamus,http://creativecommons.org/licenses/by/4.0/,1440,960,0.7844,0.3839,0.9980,0.9971,0.0000,0.0003,museum_butterfly_dorsal/raw_images/nhmuk_2446115881.jpg,museum_butterfly_dorsal/skeletons/nhmuk_2446115881_skeleton.png,https://data.nhm.ac.uk/media/cd646718-2bfe-4ad7-9a0d-2059ba5298dd
accepted,2446115886,NHMUK,Papilionidae,Ornithoptera priamus,http://creativecommons.org/licenses/by/4.0/,1440,960,0.7945,0.4231,0.9980,0.9956,0.0015,0.0007,museum_butterfly_dorsal/raw_images/nhmuk_2446115886.jpg,museum_butterfly_dorsal/skeletons/nhmuk_2446115886_skeleton.png,https://data.nhm.ac.uk/media/b35b7ba4-f27a-4538-82da-238815f44369
accepted,2446115935,NHMUK,Papilionidae,Ornithoptera priamus,http://creativecommons.org/licenses/by/4.0/,1440,960,0.7729,0.3769,0.9980,0.9751,0.0220,0.0006,museum_butterfly_dorsal/raw_images/nhmuk_2446115935.jpg,museum_butterfly_dorsal/skeletons/nhmuk_2446115935_skeleton.png,https://data.nhm.ac.uk/media/ea120938-1297-4764-a9a7-c3747494ffca
accepted,4910226946,NHMUK,Papilionidae,Papilio fuscus,http://creativecommons.org/licenses/by/4.0/,1440,1080,0.6233,0.2912,0.9980,0.9974,0.0000,0.0078,museum_butterfly_dorsal/raw_images/nhmuk_4910226946.jpg,museum_butterfly_dorsal/skeletons/nhmuk_4910226946_skeleton.png,https://data.nhm.ac.uk/media/4c93da83-60c7-449e-9c91-930bf3306505
accepted,2446091922,NHMUK,Papilionidae,Ornithoptera priamus,http://creativecommons.org/licenses/by/4.0/,1440,960,0.8197,0.3945,0.9980,0.9971,0.0000,0.0006,museum_butterfly_dorsal/raw_images/nhmuk_2446091922.jpg,museum_butterfly_dorsal/skeletons/nhmuk_2446091922_skeleton.png,https://data.nhm.ac.uk/media/fee4f5d6-669b-401b-b105-3eecff215f4c
accepted,2446091911,NHMUK,Papilionidae,Ornithoptera priamus,http://creativecommons.org/licenses/by/4.0/,1440,960,0.7942,0.3366,0.9980,0.9971,0.0000,0.0003,museum_butterfly_dorsal/raw_images/nhmuk_2446091911.jpg,museum_butterfly_dorsal/skeletons/nhmuk_2446091911_skeleton.png,https://data.nhm.ac.uk/media/9691fec3-41f7-4db5-a7e3-6f4ca97c6332
accepted,2446091930,NHMUK,Papilionidae,Ornithoptera priamus,http://creativecommons.org/licenses/by/4.0/,1440,960,0.7802,0.4693,0.9932,0.9971,0.0049,0.0033,museum_butterfly_dorsal/raw_images/nhmuk_2446091930.jpg,museum_butterfly_dorsal/skeletons/nhmuk_2446091930_skeleton.png,https://data.nhm.ac.uk/media/5f817eb3-1a7c-436a-a03a-b553c77b44c4
accepted,2446091934,NHMUK,Papilionidae,Ornithoptera priamus,http://creativecommons.org/licenses/by/4.0/,1440,960,0.8138,0.3640,0.9980,0.9971,0.0000,0.0014,museum_butterfly_dorsal/raw_images/nhmuk_2446091934.jpg,museum_butterfly_dorsal/skeletons/nhmuk_2446091934_skeleton.png,https://data.nhm.ac.uk/media/f4a55f4c-decb-4b93-931d-70f218c1280a
accepted,2446091923,NHMUK,Papilionidae,Ornithoptera priamus,http://creativecommons.org/licenses/by/4.0/,1440,960,0.8028,0.3805,0.9980,0.9971,0.0000,0.0002,museum_butterfly_dorsal/raw_images/nhmuk_2446091923.jpg,museum_butterfly_dorsal/skeletons/nhmuk_2446091923_skeleton.png,https://data.nhm.ac.uk/media/4a131c3a-c0a4-421d-97c8-0b0855b09efb
accepted,2446091932,NHMUK,Papilionidae,Ornithoptera priamus,http://creativecommons.org/licenses/by/4.0/,1440,960,0.7870,0.4149,0.9873,0.9971,0.0029,0.0002,museum_butterfly_dorsal/raw_images/nhmuk_2446091932.jpg,museum_butterfly_dorsal/skeletons/nhmuk_2446091932_skeleton.png,https://data.nhm.ac.uk/media/2ee6a6d6-adbe-47e3-8729-7ded595081f9
accepted,2446115824,NHMUK,Papilionidae,Ornithoptera priamus,http://creativecommons.org/licenses/by/4.0/,1440,960,0.7898,0.3981,0.9980,0.9971,0.0000,0.0004,museum_butterfly_dorsal/raw_images/nhmuk_2446115824.jpg,museum_butterfly_dorsal/skeletons/nhmuk_2446115824_skeleton.png,https://data.nhm.ac.uk/media/7f1ea286-4dd6-4831-9088-e504e261f9c4
accepted,2446092942,NHMUK,Papilionidae,Ornithoptera priamus,http://creativecommons.org/licenses/by/4.0/,1440,960,0.7929,0.4214,0.9932,0.9956,0.0051,0.0002,museum_butterfly_dorsal/raw_images/nhmuk_2446092942.jpg,museum_butterfly_dorsal/skeletons/nhmuk_2446092942_skeleton.png,https://data.nhm.ac.uk/media/40331efd-e1ac-4715-be0d-9d82fba29f04
accepted,2446115945,NHMUK,Papilionidae,Ornithoptera priamus,http://creativecommons.org/licenses/by/4.0/,1440,960,0.8071,0.4246,0.9590,0.9956,0.0235,0.0002,museum_butterfly_dorsal/raw_images/nhmuk_2446115945.jpg,museum_butterfly_dorsal/skeletons/nhmuk_2446115945_skeleton.png,https://data.nhm.ac.uk/media/517d21b1-8e45-4392-aefe-98854b3594b4
accepted,2446115924,NHMUK,Papilionidae,Ornithoptera priamus,http://creativecommons.org/licenses/by/4.0/,1440,960,0.7970,0.3559,0.9980,0.9927,0.0044,0.0005,museum_butterfly_dorsal/raw_images/nhmuk_2446115924.jpg,museum_butterfly_dorsal/skeletons/nhmuk_2446115924_skeleton.png,https://data.nhm.ac.uk/media/376a4745-f3a7-48a5-83b3-887e7da908da
accepted,2446115966,NHMUK,Papilionidae,Ornithoptera priamus,http://creativecommons.org/licenses/by/4.0/,1440,960,0.8048,0.4288,0.9912,0.9971,0.0029,0.0002,museum_butterfly_dorsal/raw_images/nhmuk_2446115966.jpg,museum_butterfly_dorsal/skeletons/nhmuk_2446115966_skeleton.png,https://data.nhm.ac.uk/media/180cf5da-02ab-4ca6-bd64-b08ab0d2368b
accepted,2446115978,NHMUK,Papilionidae,Ornithoptera priamus,http://creativecommons.org/licenses/by/4.0/,1440,960,0.7591,0.4275,0.9639,0.9780,0.0203,0.0003,museum_butterfly_dorsal/raw_images/nhmuk_2446115978.jpg,museum_butterfly_dorsal/skeletons/nhmuk_2446115978_skeleton.png,https://data.nhm.ac.uk/media/dd6f8da4-39f8-4619-9821-662761c927ce
accepted,2446115952,NHMUK,Papilionidae,Ornithoptera priamus,http://creativecommons.org/licenses/by/4.0/,1440,960,0.8053,0.3999,0.9980,0.9971,0.0000,0.0007,museum_butterfly_dorsal/raw_images/nhmuk_2446115952.jpg,museum_butterfly_dorsal/skeletons/nhmuk_2446115952_skeleton.png,https://data.nhm.ac.uk/media/b522737c-d4f3-4ff6-a013-0d6d0a2b7f39
accepted,2446115948,NHMUK,Papilionidae,Ornithoptera priamus,http://creativecommons.org/licenses/by/4.0/,1440,960,0.7803,0.4028,0.9980,0.9927,0.0044,0.0003,museum_butterfly_dorsal/raw_images/nhmuk_2446115948.jpg,museum_butterfly_dorsal/skeletons/nhmuk_2446115948_skeleton.png,https://data.nhm.ac.uk/media/3f7de0b5-2e81-410d-bcc5-6cd37eb6569b
accepted,2446115957,NHMUK,Papilionidae,Ornithoptera priamus,http://creativecommons.org/licenses/by/4.0/,1440,960,0.8258,0.4297,0.9980,0.9941,0.0029,0.0002,museum_butterfly_dorsal/raw_images/nhmuk_2446115957.jpg,museum_butterfly_dorsal/skeletons/nhmuk_2446115957_skeleton.png,https://data.nhm.ac.uk/media/26749e0d-db49-4afd-9092-5edc24f0e0d2
accepted,2446115980,NHMUK,Papilionidae,Ornithoptera priamus,http://creativecommons.org/licenses/by/4.0/,1440,960,0.7442,0.4057,0.9980,0.9912,0.0059,0.0007,museum_butterfly_dorsal/raw_images/nhmuk_2446115980.jpg,museum_butterfly_dorsal/skeletons/nhmuk_2446115980_skeleton.png,https://data.nhm.ac.uk/media/63ada15b-f9b5-44d1-b0c1-6aafc51bdf9d
accepted,2446115972,NHMUK,Papilionidae,Ornithoptera priamus,http://creativecommons.org/licenses/by/4.0/,1440,960,0.7936,0.4434,0.9980,0.9897,0.0073,0.0010,museum_butterfly_dorsal/raw_images/nhmuk_2446115972.jpg,museum_butterfly_dorsal/skeletons/nhmuk_2446115972_skeleton.png,https://data.nhm.ac.uk/media/75be27fe-bcd1-4f66-8be6-6c0263b78724
accepted,2446115983,NHMUK,Papilionidae,Ornithoptera priamus,http://creativecommons.org/licenses/by/4.0/,1440,960,0.8082,0.4452,0.9922,0.9971,0.0020,0.0001,museum_butterfly_dorsal/raw_images/nhmuk_2446115983.jpg,museum_butterfly_dorsal/skeletons/nhmuk_2446115983_skeleton.png,https://data.nhm.ac.uk/media/a77d939d-cc50-41ad-bf4e-957daf1037f0
accepted,2446090955,NHMUK,Papilionidae,Ornithoptera aesacus,http://creativecommons.org/licenses/by/4.0/,1440,960,0.7707,0.3666,0.9902,0.9971,0.0078,0.0005,museum_butterfly_dorsal/raw_images/nhmuk_2446090955.jpg,museum_butterfly_dorsal/skeletons/nhmuk_2446090955_skeleton.png,https://data.nhm.ac.uk/media/58d9f6df-5d14-4da4-ae31-b2e0643b8900
accepted,2446312225,NHMUK,Papilionidae,Trogonoptera brookiana,http://creativecommons.org/licenses/by/4.0/,1440,960,0.8277,0.3445,0.9980,0.9971,0.0000,0.0041,museum_butterfly_dorsal/raw_images/nhmuk_2446312225.jpg,museum_butterfly_dorsal/skeletons/nhmuk_2446312225_skeleton.png,https://data.nhm.ac.uk/media/a1b0170c-9ae7-4092-8fc5-27d26a59c05a
accepted,2446115982,NHMUK,Papilionidae,Ornithoptera priamus,http://creativecommons.org/licenses/by/4.0/,1440,960,0.7819,0.3658,0.9980,0.9971,0.0000,0.0002,museum_butterfly_dorsal/raw_images/nhmuk_2446115982.jpg,museum_butterfly_dorsal/skeletons/nhmuk_2446115982_skeleton.png,https://data.nhm.ac.uk/media/78e67962-8a87-4550-a0d9-279fe3534f13
accepted,2446312411,NHMUK,Papilionidae,Trogonoptera brookiana,http://creativecommons.org/licenses/by/4.0/,1440,960,0.8017,0.3194,0.9980,0.9971,0.0000,0.0046,museum_butterfly_dorsal/raw_images/nhmuk_2446312411.jpg,museum_butterfly_dorsal/skeletons/nhmuk_2446312411_skeleton.png,https://data.nhm.ac.uk/media/6ddbe05e-4f24-4266-929f-c9e0d81f2135
